id;ficha_personagem_id;tipo_acao;descricao;created_at;updated_at;version;created_by_user_id;updated_by_user_id;is_active
1;1;PADRAO;Ataque com espada;2025-07-01 10:00:00;2025-07-01 10:00:00;1;1;;true
2;1;MOVIMENTO;Movimento tático;2025-07-01 10:00:00;2025-07-01 10:00:00;1;1;;true
3;1;REACAO;Esquiva defensiva;2025-07-01 10:00:00;2025-07-01 10:00:00;1;1;;true
4;2;PADRAO;Ataque furtivo;2025-07-01 10:00:00;2025-07-01 10:00:00;1;1;;true
5;2;MOVIMENTO;Escalar superfície;2025-07-01 10:00:00;2025-07-01 10:00:00;1;1;;true
6;2;LIVRE;Sacar arma;2025-07-01 10:00:00;2025-07-01 10:00:00;1;1;;true
7;3;PADRAO;Conjurar feitiço;2025-07-01 10:00:00;2025-07-01 10:00:00;1;1;;true
8;3;COMPLETA;Ritual arcano;2025-07-01 10:00:00;2025-07-01 10:00:00;1;1;;true
9;3;REACAO;Contra-feitiço;2025-07-01 10:00:00;2025-07-01 10:00:00;1;1;;true
