id;ficha_personagem_id;habilidade_id;grau_habilidade;atributo_chave_personagem;atributo_personagem_id;mod_dado_habilidade;mod_temp;mod_outros;created_at
1;1;1;VERSADO;FORCA;1;3;0;0;2025-01-01 00:00:00
2;1;2;ADEPTO;AGILIDADE;2;2;0;0;2025-01-01 00:00:00
3;1;5;LEIGO;MENTE;5;0;0;0;2025-01-01 00:00:00
4;2;3;MESTRE;PRESENCA;6;5;0;0;2025-01-01 00:00:00
5;2;7;VERSADO;MENTE;5;4;0;0;2025-01-01 00:00:00
6;2;8;ADEPTO;INFLUENCIA;4;2;0;0;2025-01-01 00:00:00
7;3;6;VERSADO;MENTE;5;3;0;0;2025-01-01 00:00:00
8;3;9;ADEPTO;CONSTITUICAO;3;2;0;0;2025-01-01 00:00:00
9;3;4;LEIGO;INFLUENCIA;4;0;0;0;2025-01-01 00:00:00
